epoch,loss
1,0.45890666773212885
2,0.3020550904760974
3,0.278089865476683
4,0.26781020566547636
5,0.2615839157739105
6,0.2680977189470476
7,0.26414020144240985
8,0.26127886169642833
9,0.2592636676557471
10,0.25751882490584593
11,0.27064602330853116
12,0.2691665563035822
13,0.26810692633312255
14,0.26718314946861266
15,0.2664057060704954
16,0.2658037583321694
17,0.2651377086664339
18,0.26471734962523313
19,0.26415421136860695
20,0.2637232481627982
