epoch,loss
1,0.28605953582240157
2,0.2758930373360242
3,0.27168012108980827
4,0.2688294651866801
5,0.2672401614530777
6,0.2659157416750757
7,0.2647805247225025
8,0.263872351160444
9,0.2630146316851665
10,0.2624596367305752
11,0.2618541876892028
12,0.2612487386478305
